1;DUZIONI;SURINDER;DZNSND39D15L400V;surinder.duzioni@sadasdb.com;25/05/1993;;24/02/1971;474576502;474576502;VIA DE FEDERICI 2/A;24047;TREVIGLIO;BG;VIA DE FEDERICI 2/A;24047;TREVIGLIO;BG;1;1;1;1;1
2;LOCATELLI;FABIO;LCTFBA45S25I627E;fabio.locatelli@sadasdb.com;25/05/1993;;24/11/1972;;;VIA G.VERDI 38;24046;OSIO SOTTO;BG;VIA G.VERDI 38;24046;OSIO SOTTO;BG;1;1;2;1;2
4;COLOMBO;GIUSEPPE;CLMGPP82S20A794Z;giuseppe.colombo@sadasdb.com;24/03/1992;;15/05/1969;337168329;337168329;VIA E.CARIONI 31;24040;MISANO DI GERA D` ADDA;BG;VIA E.CARIONI 31;24040;MISANO DI GERA D` ADDA;BG;1;1;2;1;4
3;QUINTERI;ALESSANDRO;QNTLSN65H13Z129G;alessandro.quinteri@sadasdb.com;05/09/1991;;01/07/1962;78475433;78475433;PIAZZA DALLO` UGO 7;46043;CASTIGLIONE DELLE STIVIERE;MN;PIAZZA DALLO` UGO 7;46043;CASTIGLIONE DELLE STIVIERE;MN;1;1;3;1;3
5;VERGANI;GIUSEPPE;VRGGPP81D05L454K;giuseppe.vergani@sadasdb.com;05/01/1995;;24/10/1963;80748768;80748768;VIA F.MAGELLANO 1;24047;TREVIGLIO;BG;VIA F.MAGELLANO 1;24047;TREVIGLIO;BG;1;1;2;1;5
7;DE ANDRADE;MATTEO;DNDMTT39B22H357B;matteo.deandrade@sadasdb.com;01/01/1990;;16/02/1968;;;VIA EMILIO BAUMANN 6;24040;CANONICA D` ADDA;BG;VIA EMILIO BAUMANN 6;24040;CANONICA D` ADDA;BG;1;2;2;1;5
43;BORGES DOS SANTOS MACHADO;GIAMPAOLO;BRGGPL66L11A794J;giampaolo.borgesdossantosmachado@sadasdb.com;28/06/1995;;02/05/1975;751063021;751063021;VIA MARCONI 2/A;20877;RONCELLO;MB;VIA MARCONI 2/A;20877;RONCELLO;MB;1;1;4;1;5
109;GIANNACCARI;MARCO ETTORE;GNNMCT88P27L400Y;marcoettore.giannaccari@sadasdb.com;20/02/1998;;21/08/1989;90475329;90475329;VIA NICASTRO 6;20137;MILANO;MI;VIA NICASTRO 6;20137;MILANO;MI;1;1;2;1;5
9;PEDRETTI;STEFANO;PDRSFN36E15B442J;stefano.pedretti@sadasdb.com;01/01/1990;;29/11/1961;356308328;356308328;VIA VESTURE 11;24040;CALVENZANO;BG;VIA VESTURE 11;24040;CALVENZANO;BG;1;1;2;1;8
6;ZERBONI;ALBERTICO JUDELCO;ZRBLRT80D26H351K;alberticojudelco.zerboni@sadasdb.com;24/08/1993;;12/10/1971;;;VIA C.CERRETO 5/B;24047;TREVIGLIO;BG;VIA C.CERRETO 5/B;24047;TREVIGLIO;BG;1;2;3;1;6
25;FEDERICI;ABDOU;FDRBDA68M03H357M;abdou.federici@sadasdb.com;02/08/1991;;21/09/1968;85435127;85435127;VIA XI FEBBRAIO 13;26013;CREMA;CR;VIA XI FEBBRAIO 13;26013;CREMA;CR;1;1;2;1;6
8;RESMINI;DANIELE;RSMDNL47L27G160A;daniele.resmini@sadasdb.com;19/07/1994;;05/09/1967;;;VIA TRENTO 10;24047;TREVIGLIO;BG;VIA TRENTO 10;24047;TREVIGLIO;BG;1;1;4;1;7
10;COLOMBARI;FEDERICO;CLMFRC72S21H509T;federico.colombari@sadasdb.com;07/12/1989;;25/11/1962;347930713;347930713;CASELLA POSTALE APERTA 42;24047;TREVIGLIO;BG;CASELLA POSTALE APERTA 42;24047;TREVIGLIO;BG;1;1;2;2;7
19;COLOMBO;LUCIANO DOMENICO;CLMLND78C20L845S;lucianodomenico.colombo@sadasdb.com;02/07/1993;;01/09/1963;393957631;393957631;VIA MALJ TABAJANI 4;24121;BERGAMO;BG;VIA MALJ TABAJANI 4;24121;BERGAMO;BG;1;1;2;1;7
20;GUSMINI;DEVID;GSMDVD79H03B442G;devid.gusmini@sadasdb.com;15/06/1995;;17/06/1971;324630440;324630440;VIA ZAMBELLI N.17;26019;VAILATE;CR;VIA ZAMBELLI N.17;26019;VAILATE;CR;1;2;2;1;7
47;CARIOLI;MIRCO;CRLMRC83S23A794W;mirco.carioli@sadasdb.com;29/06/1995;;22/03/1968;29774983;29774983;VIA DEGLI ARTIGIANI N 12/16;26014;ROMANENGO;CR;VIA DEGLI ARTIGIANI N 12/16;26014;ROMANENGO;CR;1;1;2;1;7
59;FIORINO;VITO GIANLUCA;FRNVGN34H18A246P;vitogianluca.fiorino@sadasdb.com;15/08/1985;;20/01/1964;876845427;876845427;VIA 2 GIUGNO NR 22;24040;BOTTANUCO;BG;VIA 2 GIUGNO NR 22;24040;BOTTANUCO;BG;1;2;2;1;7
61;AKHTAR;ALBERTO;KHTLRT43T13L259H;alberto.akhtar@sadasdb.com;05/07/1995;;26/02/1971;392171441;392171441;STRADA VIC.LE DELLE SABBIONE 2/;26010;OFFANENGO;CR;STRADA VIC.LE DELLE SABBIONE 2/;26010;OFFANENGO;CR;1;1;2;1;7
67;BOVE;GIANCARLO;BVOGCR27L16L400J;giancarlo.bove@sadasdb.com;06/07/1995;;09/07/1965;;;VIA BOLDORI N.34;26013;CREMA;CR;VIA BOLDORI N.34;26013;CREMA;CR;1;1;2;1;7
69;ARNOLDI;STEFANO;RNLSFN58S02D142P;stefano.arnoldi@sadasdb.com;06/07/1995;;18/03/1960;56523272;56523272;VIA GARIBALDI 6 A;26027;RIVOLTA D` ADDA;CR;VIA GARIBALDI 6 A;26027;RIVOLTA D` ADDA;CR;1;1;3;1;7
71;SALA;GIACOMO;SLAGCM63L13F205W;giacomo.sala@sadasdb.com;06/07/1995;;07/11/1967;33576782;33576782;VIA MORO 20;24040;MISANO DI GERA D` ADDA;BG;VIA MORO 20;24040;MISANO DI GERA D` ADDA;BG;1;1;2;1;7
79;AWARKE;FABIO;WRKFBA58C19C351E;fabio.awarke@sadasdb.com;10/07/1995;01/07/2017;19/07/1967;;;VIA BORGHI INFERIORI 38;26019;VAILATE;CR;VIA BORGHI INFERIORI 38;26019;VAILATE;CR;1;2;7;1;7
87;ELKASIMI;ANDREA;LKSNDR58L13D643V;andrea.elkasimi@sadasdb.com;15/08/1985;;05/01/1960;376146832;376146832;VIA BEATA GIANNETTA 1;24043;CARAVAGGIO;BG;VIA BEATA GIANNETTA 1;24043;CARAVAGGIO;BG;1;1;2;1;7
91;ROTTOLI;ENRICO;RTTNRC87D16I608Z;enrico.rottoli@sadasdb.com;12/07/1995;;12/09/1976;331415751;331415751;VIA T.GROSSI 22;24040;CASIRATE D` ADDA;BG;VIA T.GROSSI 22;24040;CASIRATE D` ADDA;BG;1;3;2;1;7
98;LEGNANI;GIAN PIETRO;LGNGPT66E26F119C;gianpietro.legnani@sadasdb.com;20/04/1995;;31/03/1971;18986310;18986310;VIA GALEAZZO DEGLI ORZI 9;25030;ORZIVECCHI;BS;VIA GALEAZZO DEGLI ORZI 9;25030;ORZIVECCHI;BS;1;2;2;1;7
116;ZUFFETTI;ANTONIO;ZFFNTN69E25H269M;antonio.zuffetti@sadasdb.com;26/06/1995;;11/08/1987;374742775;374742775;VIA LIVELLO N.5;20017;RHO;MI;VIA LIVELLO N.5;20017;RHO;MI;1;4;6;1;7
118;ARIENZO;MARCO;RNZMRC74H09D863E;marco.arienzo@sadasdb.com;02/06/1999;;28/04/1988;;;VIA ALLA COSTA 5;24042;CAPRIATE SAN GERVASIO;BG;VIA ALLA COSTA 5;24042;CAPRIATE SAN GERVASIO;BG;1;1;2;1;7
11;CERESOLI;ALESSANDRO;CRSLSN44B25H046V;alessandro.ceresoli@sadasdb.com;07/09/1992;;29/03/1965;328081974;328081974;VIA ALDO MORO 44;24040;ARCENE;BG;VIA ALDO MORO 44;24040;ARCENE;BG;1;3;5;1;9
12;BREMBILLA;GIAMPIETRO;BRMGPT52H25L400B;giampietro.brembilla@sadasdb.com;01/01/1990;;30/04/1968;31482752;31482752;CORSO ROMA;24068;SERIATE;BG;CORSO ROMA;24068;SERIATE;BG;1;2;2;1;10
26;CAZZAMALLI;GIUSEPPE;CZZGPP85H23L845S;giuseppe.cazzamalli@sadasdb.com;02/06/1993;;09/02/1963;;;VIA L.LOT 4;24040;OSIO SOPRA;BG;VIA L.LOT 4;24040;OSIO SOPRA;BG;1;1;2;1;10
30;ROTA;SABER;RTOSBR35P12G856J;saber.rota@sadasdb.com;27/10/1993;;10/06/1971;2570312;2570312;VIALE M.GRAPPA 19;20069;VAPRIO D` ADDA;MI;VIALE M.GRAPPA 19;20069;VAPRIO D` ADDA;MI;1;1;5;1;10
31;GAIARDI;GUALTIERO;GRDGTR50T23A240S;gualtiero.gaiardi@sadasdb.com;30/11/1994;;15/04/1965;364882045;364882045;VIA MISANO N.3;24047;TREVIGLIO;BG;VIA MISANO N.3;24047;TREVIGLIO;BG;1;1;2;1;10
33;CAVAGNA;ROBERTO;CVGRRT77B10E094E;roberto.cavagna@sadasdb.com;01/01/1990;;17/04/1972;;;VIA DON BENIGNO CARRARA 5;24042;CAPRIATE SAN GERVASIO;BG;VIA DON BENIGNO CARRARA 5;24042;CAPRIATE SAN GERVASIO;BG;1;3;3;1;10
40;CHIAPPA;GIUSEPPE;CHPGPP81R31F205P;giuseppe.chiappa@sadasdb.com;26/06/1995;;25/08/1964;;;VIALE PIAVE 14;24047;TREVIGLIO;BG;VIALE PIAVE 14;24047;TREVIGLIO;BG;1;1;3;1;10
48;COGLIATI;LUIGI;CGLLGU00M21Z318E;luigi.cogliati@sadasdb.com;15/08/1985;01/10/2019;03/04/1961;3881300;3881300;VIA DONIZETTI 1;24047;TREVIGLIO;BG;VIA DONIZETTI 1;24047;TREVIGLIO;BG;1;1;4;1;10
52;BONDIOLI;ROBERTO;BNDRRT86C28D142X;roberto.bondioli@sadasdb.com;30/06/1995;30/10/2007;18/08/1973;;;VIA DONIZETTI 26;24040;CALVENZANO;BG;VIA DONIZETTI 26;24040;CALVENZANO;BG;1;1;2;1;10
57;FODOR;GIUSEPPE GIORGIO ONORATO;FDRGPP61H30H223C;giuseppegiorgioonorato.fodor@sadasdb.com;04/07/1995;;28/07/1975;328292436;328292436;VICOLO TEZZONE N.9;26010;OFFANENGO;CR;VICOLO TEZZONE N.9;26010;OFFANENGO;CR;1;1;7;1;10
64;CARDANI;EFREM;CRDFRM86C21G856B;efrem.cardani@sadasdb.com;05/07/1995;;15/02/1960;246243;246243;VICOLO PAGANELLI DI SOTTO 5;24041;BREMBATE;BG;VICOLO PAGANELLI DI SOTTO 5;24041;BREMBATE;BG;1;2;2;1;10
75;ROTA;MARIO;RTOMRA51B11L400Q;mario.rota@sadasdb.com;15/08/1985;;25/07/1960;338302901;338302901;VIA TREVIGLIO 3169;24045;FARA GERA D` ADDA;BG;VIA TREVIGLIO 3169;24045;FARA GERA D` ADDA;BG;1;2;2;1;10
77;BRESCIANI;VINCENZO;BRSVCN72E10E349E;vincenzo.bresciani@sadasdb.com;07/07/1995;;19/09/1975;69882218;69882218;VIA RIPAFREDDA N.11;26014;ROMANENGO;CR;VIA RIPAFREDDA N.11;26014;ROMANENGO;CR;1;2;2;1;10
80;BONATI;FRANCESCO;BNTFNC74P28A794E;francesco.bonati@sadasdb.com;10/07/1995;;26/07/1962;310589311;310589311;VIA TORQUATO TASSO 1;24040;SUISIO;BG;VIA TORQUATO TASSO 1;24040;SUISIO;BG;1;1;2;1;10
93;FILISETTI;YASSIN;FLSYSN69T01B434P;yassin.filisetti@sadasdb.com;12/07/1995;;05/08/1969;391640550;391640550;VIA CASTAGNARO 2;24056;FONTANELLA;BG;VIA CASTAGNARO 2;24056;FONTANELLA;BG;1;1;2;1;10
114;FRIGENI;SERGIO;FRGSRG81H25Z222K;sergio.frigeni@sadasdb.com;10/03/1999;;02/01/1985;29970226;29970226;VIA CADORNA 85;24048;TREVIOLO;BG;VIA CADORNA 85;24048;TREVIOLO;BG;1;2;2;1;10
13;VOLPI;PIETRO;VLPPTR58H18F205V;pietro.volpi@sadasdb.com;03/04/1995;;27/07/1976;28868903;28868903;VIA DANTE ALIGHIERI N 28;20062;CASSANO D` ADDA;MI;VIA DANTE ALIGHIERI N 28;20062;CASSANO D` ADDA;MI;1;1;6;1;11
14;FIORENZA;ALDO;FRNLDA70A29L400A;aldo.fiorenza@sadasdb.com;12/11/1993;01/01/2006;14/01/1963;58340615;58340615;VIA G.PASCOLI 13;24047;TREVIGLIO;BG;VIA G.PASCOLI 13;24047;TREVIGLIO;BG;1;1;2;1;12
15;RIGANTI;DENIS;RGNDNS89M25L400B;denis.riganti@sadasdb.com;01/01/1990;;11/05/1966;;;VIA DE GASPERI 36;26010;OFFANENGO;CR;VIA DE GASPERI 36;26010;OFFANENGO;CR;1;1;2;1;13
16;RIVABENE;DEMIS;RVBDMS77P28Z112R;demis.rivabene@sadasdb.com;01/01/1990;;20/10/1960;354477125;354477125;VIA C.MOZZI 2 PAL I;24045;FARA GERA D` ADDA;BG;VIA C.MOZZI 2 PAL I;24045;FARA GERA D` ADDA;BG;1;1;2;1;14
88;FRECCHIAMI;ANDREA;FRCNDR67S22G867F;andrea.frecchiami@sadasdb.com;11/07/1995;;17/11/1975;388063202;388063202;VIA VERGA 16/1;26010;VAIANO CREMASCO;CR;VIA VERGA 16/1;26010;VAIANO CREMASCO;CR;1;1;2;1;14
17;PAOLINI;CLAUDIO;PLNCLD65E12L539W;claudio.paolini@sadasdb.com;18/05/1993;;18/06/1960;;;VIA DON LORENZO MILANI 5;24047;TREVIGLIO;BG;VIA DON LORENZO MILANI 5;24047;TREVIGLIO;BG;1;2;2;1;15
56;POLITI;GIOVANNI;PLTGNN70M21D142M;giovanni.politi@sadasdb.com;03/07/1995;;17/11/1976;27520769;27520769;VIA LIVATINO 3;24043;CARAVAGGIO;BG;VIA LIVATINO 3;24043;CARAVAGGIO;BG;1;1;2;1;15
18;STUCCHI;ANGELO PASQUALE;STCNLP59C18L400G;angelopasquale.stucchi@sadasdb.com;02/08/1994;;30/09/1966;342817581;342817581;VIA UGO FOSCOLO 9;24045;FARA GERA D` ADDA;BG;VIA UGO FOSCOLO 9;24045;FARA GERA D` ADDA;BG;1;2;7;1;16
54;VALSECCHI;ABDELHAQ;VLSBLH02A01H910B;abdelhaq.valsecchi@sadasdb.com;03/07/1995;;28/01/1971;324625866;324625866;WARHELANDSTRASSE 61;;AALEN;SE;WARHELANDSTRASSE 61;;AALEN;SE;1;2;2;1;16
55;NIANG;MARIO;NNGMRA66T15H224K;mario.niang@sadasdb.com;15/08/1985;;18/05/1960;310310957;310310957;VIA CASSANO 43/D;20069;VAPRIO D` ADDA;MI;VIA CASSANO 43/D;20069;VAPRIO D` ADDA;MI;1;1;2;1;16
58;PARISI;MAURIZIO;PRSMRZ67E31A794Q;maurizio.parisi@sadasdb.com;04/07/1995;;02/01/1962;63931001;63931001;VIA TRENTO 10;24045;FARA GERA D` ADDA;BG;VIA TRENTO 10;24045;FARA GERA D` ADDA;BG;1;1;2;1;16
85;FERRI;STEFANO;FRRSFN64A16L400J;stefano.ferri@sadasdb.com;11/07/1995;;24/06/1965;47969753;47969753;VIA ANGELO MAJ 16;24066;PEDRENGO;BG;VIA ANGELO MAJ 16;24066;PEDRENGO;BG;1;1;4;1;16
89;ZAMBELLI;DANIELE EDOARDO;ZMBDLD07P15L400N;danieleedoardo.zambelli@sadasdb.com;11/07/1995;30/10/2007;14/04/1977;391764351;391764351;VIA MILANO 9/N;24047;TREVIGLIO;BG;VIA MILANO 9/N;24047;TREVIGLIO;BG;1;1;8;1;16
104;TORNAGHI;ANDREA;TRNNDR78D05F119E;andrea.tornaghi@sadasdb.com;12/09/1997;;23/11/1985;312719269;312719269;VIA S.CAPITANIO 29;24047;TREVIGLIO;BG;VIA S.CAPITANIO 29;24047;TREVIGLIO;BG;1;1;5;1;16
110;SEBASTIANELLI;COSTANTE;SBSCTN67E29G160R;costante.sebastianelli@sadasdb.com;27/03/1998;01/07/2017;20/02/1986;339451928;339451928;VIA MILANO 23;24047;TREVIGLIO;BG;VIA MILANO 23;24047;TREVIGLIO;BG;1;2;2;1;16
21;LORENZI;STEFANO;LRNSFN48E07E514Z;stefano.lorenzi@sadasdb.com;04/05/1995;;01/11/1968;;;VIA A.DE GASPERI 2;24040;CASTEL ROZZONE;BG;VIA A.DE GASPERI 2;24040;CASTEL ROZZONE;BG;1;1;2;1;17
22;AVELLA;FABRIZIO;VLLFRZ78L21B077Q;fabrizio.avella@sadasdb.com;01/01/1990;;02/09/1962;27702398;27702398;VIA DANTE 13;20056;GREZZAGO;MI;VIA DANTE 13;20056;GREZZAGO;MI;1;2;4;1;18
27;FINOCCHIARO;FRANCESCO;FNCFNC66B19A794G;francesco.finocchiaro@sadasdb.com;22/02/1993;;05/01/1971;376287923;376287923;VIA QUARENGHI G.8;23801;CALOLZIOCORTE;LC;VIA QUARENGHI G.8;23801;CALOLZIOCORTE;LC;1;2;2;1;18
23;RIGON;MUSTAPHA;RGNMTP46D09F720N;mustapha.rigon@sadasdb.com;14/05/1991;;19/09/1963;;;PIAZZALE ALDO MORO 37/A;26019;VAILATE;CR;PIAZZALE ALDO MORO 37/A;26019;VAILATE;CR;1;1;2;1;19
24;BELLOLI;PIERANTONIO;BLLPNT56R23L400W;pierantonio.belloli@sadasdb.com;01/01/1990;;06/05/1964;313802880;313802880;VIA MONTESSORI 9;24040;OSIO SOPRA;BG;VIA MONTESSORI 9;24040;OSIO SOPRA;BG;1;1;5;1;20
28;BALDUCCHI;ANDREA;BLDNDR60C25F786F;andrea.balducchi@sadasdb.com;15/07/1994;;10/12/1963;376171260;376171260;VIA GIUSEPPE VERDI 31;24043;CARAVAGGIO;BG;VIA GIUSEPPE VERDI 31;24043;CARAVAGGIO;BG;1;1;2;1;21
29;BODNAR;CAMILLO;BDNCLL88D26L419D;camillo.bodnar@sadasdb.com;01/01/1990;;31/05/1960;;;VIA ROMA 1;24046;OSIO SOTTO;BG;VIA ROMA 1;24046;OSIO SOTTO;BG;1;1;2;1;22
97;FERRARI;PAOLO;FRRPLA13L01I869O;paolo.ferrari@sadasdb.com;13/07/1995;;13/10/1973;4625203;4625203;VIA G.CARDUCCI 4;24046;OSIO SOTTO;BG;VIA G.CARDUCCI 4;24046;OSIO SOTTO;BG;1;2;5;1;22
32;NORIS;GIOVANNI;NRSGNN46D26A339C;giovanni.noris@sadasdb.com;01/01/1990;;29/12/1960;397552590;397552590;VIA ROMA 71;24030;SOLZA;BG;VIA ROMA 71;24030;SOLZA;BG;1;2;2;1;23
108;PAVESI;ANTONIO;PVSNTN74A15C255H;antonio.pavesi@sadasdb.com;05/01/1998;;22/12/1986;388389764;388389764;VIA BRIGNANO 47;24047;TREVIGLIO;BG;VIA BRIGNANO 47;24047;TREVIGLIO;BG;1;1;3;1;23
121;PINELLI;ALMAGUL;PNLLGL05M28B137T;almagul.pinelli@sadasdb.com;22/08/1995;;23/08/1995;322276229;322276229;VIA XXIV MAGGIO 56;24040;CASTEL ROZZONE;BG;VIA XXIV MAGGIO 56;24040;CASTEL ROZZONE;BG;1;1;2;1;23
34;PESENTI;ARTURO;PSNRTR56M17B650K;arturo.pesenti@sadasdb.com;05/03/1993;;04/01/1969;396015256;396015256;VIA BRAVI 42;24030;TERNO D` ISOLA;BG;VIA BRAVI 42;24030;TERNO D` ISOLA;BG;1;1;4;1;24
35;RADAVATI;AYMAN;RDVYMN66R31A794N;ayman.radavati@sadasdb.com;02/12/1993;;19/09/1969;315561635;315561635;VIA UMBERTO I 36 E;24050;MORENGO;BG;VIA UMBERTO I 36 E;24050;MORENGO;BG;1;1;2;1;25
65;ROSSONI;DAMIANO;RSSDMN99C30A940H;damiano.rossoni@sadasdb.com;05/07/1995;;03/08/1975;73256557;73256557;VIA DEL PALADINO N.18;26010;OFFANENGO;CR;VIA DEL PALADINO N.18;26010;OFFANENGO;CR;1;2;2;1;25
36;NOSSA;SIMONE;NSSSMN47D23L400W;simone.nossa@sadasdb.com;24/12/1993;;19/12/1979;;;VIA TRICOLORE 1;24047;TREVIGLIO;BG;VIA TRICOLORE 1;24047;TREVIGLIO;BG;1;1;2;2;26
41;DAMBROSO;MAURIZIO;DMBMRZ51H25A794P;maurizio.dambroso@sadasdb.com;26/06/1995;;26/05/1975;313595365;313595365;VIA L.DA VINCI 11;24030;SOLZA;BG;VIA L.DA VINCI 11;24030;SOLZA;BG;1;3;2;1;26
37;TASSI;FERDINANDO;TSSFDN36R04B442O;ferdinando.tassi@sadasdb.com;03/05/1995;;27/10/1972;73141996;73141996;VIA MAZZINI 63/G;24040;PONTIROLO NUOVO;BG;VIA MAZZINI 63/G;24040;PONTIROLO NUOVO;BG;1;1;2;1;27
103;PONTOGLIO;RATTAN;PNTRTN81B15F205B;rattan.pontoglio@sadasdb.com;07/08/1997;;08/04/1988;381881322;381881322;VIA VINCENZO MONTI 18/A;44122;FERRARA;FE;VIA VINCENZO MONTI 18/A;44122;FERRARA;FE;1;1;2;1;27
112;SAMA`;FABIO;SMAFBA93P10G603J;fabio.sama`@sadasdb.com;20/10/1994;;27/03/1986;8086163;8086163;VIA XX SETTEMBRE 1870 N.30;26013;CREMA;CR;VIA XX SETTEMBRE 1870 N.30;26013;CREMA;CR;1;1;3;1;27
117;FILIPPINI;GIANCARLO;FLPGCR49M04L400R;giancarlo.filippini@sadasdb.com;23/03/1994;01/07/2017;03/12/1986;314412607;314412607;VIA CIRCONVALLAZIONE NORD 2/5;26010;OFFANENGO;CR;VIA CIRCONVALLAZIONE NORD 2/5;26010;OFFANENGO;CR;1;1;4;1;27
38;BERTOCCHI;MARCO;BRTMRC73D06F205O;marco.bertocchi@sadasdb.com;30/01/1995;;30/09/1968;459549185;459549185;VIA MARCO POLO 43;24045;FARA GERA D` ADDA;BG;VIA MARCO POLO 43;24045;FARA GERA D` ADDA;BG;1;1;5;1;28
39;BUGINI;ANDREA VITORIO;BGNNRV74P16L400Z;andreavitorio.bugini@sadasdb.com;21/09/1993;;02/02/1969;;;VIA BUFFOLI N.10;25032;CHIARI;BS;VIA BUFFOLI N.10;25032;CHIARI;BS;1;1;2;1;29
42;GEROSA;SEBASTIANO;GRSSST71B17F243U;sebastiano.gerosa@sadasdb.com;15/08/1985;;22/05/1965;;;VIA TESINO 22;26010;CAPERGNANICA;CR;VIA TESINO 22;26010;CAPERGNANICA;CR;1;1;2;2;30
44;BORTONI;CLAUDIO;BRTCLD66B12D862W;claudio.bortoni@sadasdb.com;28/06/1995;;26/08/1968;370331626;370331626;VIA SILVIO PELLICO 10;24040;CISERANO;BG;VIA SILVIO PELLICO 10;24040;CISERANO;BG;1;1;2;1;31
45;GORLA;ITALO;GRLTLI52M18G004G;italo.gorla@sadasdb.com;28/06/1995;;17/05/1965;38365618;38365618;VIA QUARTO 23;23900;LECCO;LC;VIA QUARTO 23;23900;LECCO;LC;1;2;2;1;32
46;GRIEGO;WALTER FRANCESCO;GRGWTR20H18E333H;walterfrancesco.griego@sadasdb.com;29/06/1995;;28/11/1975;342678896;342678896;VIALE SUARDI 23;24040;ARCENE;BG;VIALE SUARDI 23;24040;ARCENE;BG;1;1;2;1;33
49;ALAVA ZAMBRANO;SANTINO BATTISTA;LVZSTN81E09G160A;santinobattista.alavazambrano@sadasdb.com;29/06/1995;;05/09/1967;394812533;394812533;VIA PARTIGIANI 3;24068;SERIATE;BG;VIA PARTIGIANI 3;24068;SERIATE;BG;1;1;2;1;34
50;FERRARI;ANGELO;FRRNGL96D24D597I;angelo.ferrari@sadasdb.com;29/06/1995;;17/05/1975;333017988;333017988;VIA ENRICO MARTINI 24;26013;CREMA;CR;VIA ENRICO MARTINI 24;26013;CREMA;CR;1;1;2;1;35
51;PARRINELLO;GIANPAOLO;PRRGPL68R08D869R;gianpaolo.parrinello@sadasdb.com;30/06/1995;;14/09/1977;375251073;375251073;VIA GARZINI 7;26010;OFFANENGO;CR;VIA GARZINI 7;26010;OFFANENGO;CR;1;1;2;1;36
53;CIOCAN;MICHELE;CCNMHL63A26L667W;michele.ciocan@sadasdb.com;30/06/1995;;11/07/1971;789860560;789860560;VIA BENZONI 10;26013;CREMA;CR;VIA BENZONI 10;26013;CREMA;CR;1;2;5;1;37
60;CAGLIONI;FULVIO;CGLFLV11S09G856U;fulvio.caglioni@sadasdb.com;04/07/1995;;06/11/1972;374759196;374759196;VIA P.TOGLIATTI 21;26014;ROMANENGO;CR;VIA P.TOGLIATTI 21;26014;ROMANENGO;CR;1;1;2;1;38
100;GOISIS;MARIO;GSSMRA80A26Z100Y;mario.goisis@sadasdb.com;13/07/1995;;26/05/1966;67367316;67367316;VIA PRINCIPE AMEDEO 50;24040;VERDELLINO;BG;VIA PRINCIPE AMEDEO 50;24040;VERDELLINO;BG;1;1;2;1;38
63;ROSSONI;GIUSEPPE;RSSGPP63A30M052E;giuseppe.rossoni@sadasdb.com;05/07/1995;;31/08/1974;;;VIA 2 CORTE 22/A;20062;CASSANO D` ADDA;MI;VIA 2 CORTE 22/A;20062;CASSANO D` ADDA;MI;1;2;7;1;39
66;PAVESI;LORENZO ERNESTO;PVSLNZ29B28L404A;lorenzoernesto.pavesi@sadasdb.com;05/07/1995;;12/05/1979;377955527;377955527;VIA MICHELANGELO 1;26900;LODI;LO;VIA MICHELANGELO 1;26900;LODI;LO;1;1;5;1;40
68;PANZERA;VALERIO;PNZVLR89T30M102O;valerio.panzera@sadasdb.com;06/07/1995;;07/08/1971;;;VIA BERIZZI 2;24030;PRESEZZO;BG;VIA BERIZZI 2;24030;PRESEZZO;BG;1;1;2;1;41
70;CASTELLETTI;STEFANO;CSTSFN59R17I158F;stefano.castelletti@sadasdb.com;06/07/1995;;26/02/1968;384022640;384022640;VIA KENNEDY 15;24040;CASIRATE D` ADDA;BG;VIA KENNEDY 15;24040;CASIRATE D` ADDA;BG;1;4;2;1;42
73;FUMAGALLI;SERGIO;FMGSRG63C08D142W;sergio.fumagalli@sadasdb.com;07/07/1995;;24/03/1975;;;VIA C.TERNI 30;24047;TREVIGLIO;BG;VIA C.TERNI 30;24047;TREVIGLIO;BG;1;1;2;1;44
74;SEGHEZZI;ALDO;SGHLDA64S16D142I;aldo.seghezzi@sadasdb.com;07/07/1995;;28/07/1971;65523343;65523343;VIA FREDDA 5;23808;VERCURAGO;LC;VIA FREDDA 5;23808;VERCURAGO;LC;1;1;3;1;45
76;NAPOLI;EMILIO;NPLMLE70R20L400E;emilio.napoli@sadasdb.com;07/07/1995;;25/01/1970;364408775;364408775;VIA SAN GREGORIO 4;24040;CASIRATE D` ADDA;BG;VIA SAN GREGORIO 4;24040;CASIRATE D` ADDA;BG;1;1;5;1;46
78;BRENDOLAN;GIOVANNI;BRNGNN81C03A794N;giovanni.brendolan@sadasdb.com;10/07/1995;;09/10/1975;332122916;332122916;VIA G.B.MORONI 2;23808;VERCURAGO;LC;VIA G.B.MORONI 2;23808;VERCURAGO;LC;1;1;2;1;47
81;CARLINI;MICHELE;CRLMHL63D18G233C;michele.carlini@sadasdb.com;10/07/1995;;12/06/1970;378784551;378784551;VIA ABELE CRESPI 85;24045;FARA GERA D` ADDA;BG;VIA ABELE CRESPI 85;24045;FARA GERA D` ADDA;BG;1;2;2;2;48
82;ARNOLDI;ALKET;RNLLKT69L01C773O;alket.arnoldi@sadasdb.com;11/07/1995;;23/09/1971;85468762;85468762;VIA PALADINO 26;26010;OFFANENGO;CR;VIA PALADINO 26;26010;OFFANENGO;CR;1;1;2;1;49
83;CERVI;MARIO;CRVMRA87C09D789X;mario.cervi@sadasdb.com;11/07/1995;;12/09/1976;313472594;313472594;VIA PERTINI N.11;26014;ROMANENGO;CR;VIA PERTINI N.11;26014;ROMANENGO;CR;1;2;2;1;50
84;MODANESI;FAUSTINO;MDNFTN01R30A794S;faustino.modanesi@sadasdb.com;11/07/1995;;24/12/1975;381532823;381532823;VIA G.CARDUCCI 37/39;20060;TRUCCAZZANO;MI;VIA G.CARDUCCI 37/39;20060;TRUCCAZZANO;MI;1;1;4;1;51
86;VISCARDI;EUGENIO;VSCGNE80T10L400P;eugenio.viscardi@sadasdb.com;11/07/1995;;08/07/1977;348722352;348722352;VIA SAN BIAGIO 1 C;24048;TREVIOLO;BG;VIA SAN BIAGIO 1 C;24048;TREVIOLO;BG;1;1;2;1;52
90;GIOMBELLI;SASHO KRASTEV;GMBSHK78M22E794F;sashokrastev.giombelli@sadasdb.com;11/07/1995;;20/06/1970;318432863;318432863;VIALE DELLA REPUBBLICA SUD 9 A;24049;VERDELLO;BG;VIALE DELLA REPUBBLICA SUD 9 A;24049;VERDELLO;BG;1;1;2;1;53
92;EPIS;ANGELO;PSENGL52S03Z222K;angelo.epis@sadasdb.com;12/07/1995;;03/10/1964;.27188908;.27188908;VIA CADUTI DI CEFALONIA 6;26010;OFFANENGO;CR;VIA CADUTI DI CEFALONIA 6;26010;OFFANENGO;CR;1;1;2;1;54
94;DE GIGLIO;ALDO;DGGLDA71T24G856E;aldo.degiglio@sadasdb.com;12/07/1995;;23/02/1962;340151935;340151935;VIA ITALIA 9;24040;MADONE;BG;VIA ITALIA 9;24040;MADONE;BG;1;1;7;1;55
95;VISCONTI;ANTONIO;VSCNTN84L30A076X;antonio.visconti@sadasdb.com;12/07/1995;01/07/2017;07/03/1973;345358769;345358769;VIA DEI BENEDETTINI 2;26010;RICENGO;CR;VIA DEI BENEDETTINI 2;26010;RICENGO;CR;1;2;2;1;56
96;FEDRIZZI;INNOCENZO;FDRNCN46R09I951D;innocenzo.fedrizzi@sadasdb.com;13/07/1995;;22/02/1965;;;VIA DEI MILLE 16;24047;TREVIGLIO;BG;VIA DEI MILLE 16;24047;TREVIGLIO;BG;1;2;2;1;57
99;LAZZARONI;PAOLO;LZZPLA82L28B703M;paolo.lazzaroni@sadasdb.com;13/07/1995;;14/06/1977;;;VIA SAN PIETRO N.80;26018;TRIGOLO;CR;VIA SAN PIETRO N.80;26018;TRIGOLO;CR;1;1;2;1;58
101;BOTTI;PAOLO;BTTPLA75R21L400B;paolo.botti@sadasdb.com;16/10/2019;;23/05/1995;329778579;329778579;VIA PERGOLESI 3;24046;OSIO SOTTO;BG;VIA PERGOLESI 3;24046;OSIO SOTTO;BG;1;1;4;1;59
102;MIRZA GHULAM;GIOVANNI MARIO;MRZGNN74E13I754S;giovannimario.mirzaghulam@sadasdb.com;22/10/2019;;09/11/1996;;;VIA P.MICCA 9;24040;PONTIROLO NUOVO;BG;VIA P.MICCA 9;24040;PONTIROLO NUOVO;BG;1;1;2;1;60
105;DODDE;ROBERTO;DDDRRT32L07E751N;roberto.dodde@sadasdb.com;23/09/1997;;23/09/1996;327801903;327801903;VIA CESARE BATTISTI 44;24043;CARAVAGGIO;BG;VIA CESARE BATTISTI 44;24043;CARAVAGGIO;BG;1;1;2;1;61
106;MILANESI;EMILIO MARCELLO ANDREA;MLNMMR22T07I827Y;emiliomarcelloandrea.milanesi@sadasdb.com;22/10/1997;;29/07/1990;38910259;38910259;VIA DALMINE 10/A;24035;CURNO;BG;VIA DALMINE 10/A;24035;CURNO;BG;1;1;2;1;62
107;SCOTTI;SALVATORE;SCTSVT78L14C408O;salvatore.scotti@sadasdb.com;22/10/1997;;15/07/1985;698592806;698592806;VIA B.ANGELICO 2;24047;TREVIGLIO;BG;VIA B.ANGELICO 2;24047;TREVIGLIO;BG;1;1;7;1;63
111;SPATOLA;LUIGI;SPTLGU56M07Z601Z;luigi.spatola@sadasdb.com;09/09/1998;;06/08/1990;;;VIA MARCONI 7;24040;LEVATE;BG;VIA MARCONI 7;24040;LEVATE;BG;1;1;2;1;64
113;PASSERA;LUIGI;PSSLGU91D12F205H;luigi.passera@sadasdb.com;26/01/1999;;30/04/1992;51761348;51761348;VIA ALIGHIERI N.27;26020;MADIGNANO;CR;VIA ALIGHIERI N.27;26020;MADIGNANO;CR;1;1;2;1;65
115;CARIOLI;LUCA;CRLLCU68C26G856W;luca.carioli@sadasdb.com;06/04/1999;;24/03/1985;365000167;365000167;VIA GIOVANNI XXIII 7;20060;TRUCCAZZANO;MI;VIA GIOVANNI XXIII 7;20060;TRUCCAZZANO;MI;1;1;2;1;66
120;PAPA;IVAN;PPAVNI76P13A794H;ivan.papa@sadasdb.com;22/08/1995;;22/08/1995;330849985;330849985;STRADA BASSA NUOVA 137;43123;PARMA;PR;STRADA BASSA NUOVA 137;43123;PARMA;PR;1;1;2;1;66
119;ZAGO;ALIOU;ZGALAI68M25B731X;aliou.zago@sadasdb.com;01/08/1995;;20/01/1986;350394957;350394957;VIA F.LLI DI DIO 8;26010;OFFANENGO;CR;VIA F.LLI DI DIO 8;26010;OFFANENGO;CR;1;1;3;1;67
122;ZECCHINI;ANDREA;ZCCNDR89T11Z336E;andrea.zecchini@sadasdb.com;07/07/1999;;02/01/1996;;;VIA XX SETTEMBRE N 1;26014;ROMANENGO;CR;VIA XX SETTEMBRE N 1;26014;ROMANENGO;CR;1;1;2;2;68
123;GHIDOTTI;DAVIDE;GHDDVD56A25H357M;davide.ghidotti@sadasdb.com;26/09/1995;;11/07/1986;;;VIA TRIESTE 15;24042;CAPRIATE SAN GERVASIO;BG;VIA TRIESTE 15;24042;CAPRIATE SAN GERVASIO;BG;1;2;2;1;69
124;BELLI;ANDREA;BLLNDR96E12F158T;andrea.belli@sadasdb.com;27/09/1995;;21/04/1988;;;VIA UMBERTO I 45 D 3;26010;DOVERA;CR;VIA UMBERTO I 45 D 3;26010;DOVERA;CR;1;1;5;1;70
125;CAPELLI;GIUSEPPE;CPLGPP79H19Z352Z;giuseppe.capelli@sadasdb.com;09/09/1999;;11/07/1985;387204438;387204438;VIA VAIRANO N.5;26013;CREMA;CR;VIA VAIRANO N.5;26013;CREMA;CR;1;1;2;1;71
126;DRAGNE;CRISTIAN;DRGCST74C11A304L;cristian.dragne@sadasdb.com;07/10/1999;;18/02/1988;1964745;1964745;VIA VERDELLO 31 P;24040;CISERANO;BG;VIA VERDELLO 31 P;24040;CISERANO;BG;1;2;7;1;72
127;THAMRATHUKA KOLIL CHELLA;SALVATORE;THMSVT01R03Z100Z;salvatore.thamrathukakolilchella@sadasdb.com;12/10/1999;;02/01/1993;346475127;346475127;VIA F.CAVALLOTTI 10;24047;TREVIGLIO;BG;VIA F.CAVALLOTTI 10;24047;TREVIGLIO;BG;1;1;2;1;24
128;CAPUANO;MAURIZIO;CPNMRZ73S10B971S;maurizio.capuano@sadasdb.com;18/10/1995;;28/01/1987;318947489;318947489;VIA ITALIA 19;24040;PONTIROLO NUOVO;BG;VIA ITALIA 19;24040;PONTIROLO NUOVO;BG;1;2;4;1;13
129;CARON;MATTIA;CRNMTT79C13Z343N;mattia.caron@sadasdb.com;06/11/1995;;08/12/1988;51629303;51629303;VIA S.ANTONINO 34/A;26010;CAPERGNANICA;CR;VIA S.ANTONINO 34/A;26010;CAPERGNANICA;CR;1;1;2;1;73
130;BARONI;ARMANDO;BRNRND65B29L400L;armando.baroni@sadasdb.com;17/11/1995;;14/08/1995;;;VIA MONS.PORTALUPPI 82;24047;TREVIGLIO;BG;VIA MONS.PORTALUPPI 82;24047;TREVIGLIO;BG;1;2;2;1;7
131;DI SERIO;ANGELO LUIGI;DSRNLL51R09G160N;angeloluigi.diserio@sadasdb.com;27/12/1999;;10/04/1985;330693283;330693283;VIA CANONICA 78/BIS;24047;TREVIGLIO;BG;VIA CANONICA 78/BIS;24047;TREVIGLIO;BG;1;1;2;1;74
132;CARIOLI;ENRICO;CRLNRC63E09L539P;enrico.carioli@sadasdb.com;30/11/1995;;01/01/1990;322361464;322361464;VIA PILA;20062;CASSANO D` ADDA;MI;VIA PILA;20062;CASSANO D` ADDA;MI;1;1;3;1;75
133;MORO;ALBERTO;MROLRT06A12D142G;alberto.moro@sadasdb.com;10/01/2000;;27/06/1994;86824196;86824196;VIA ISSER 11;24047;TREVIGLIO;BG;VIA ISSER 11;24047;TREVIGLIO;BG;1;1;2;1;10
134;BOGNI;VASCO MARIA;BGNVCM01T06I838O;vascomaria.bogni@sadasdb.com;18/01/2000;;02/02/1991;360302792;360302792;VIA CROCETTE 19;24035;CURNO;BG;VIA CROCETTE 19;24035;CURNO;BG;1;1;2;1;62
135;AGAZZI;ANGELO;GZZNGL94D02Z330T;angelo.agazzi@sadasdb.com;18/01/2000;;01/09/1985;;;VIA ALDO MORO 47;24033;CALUSCO D` ADDA;BG;VIA ALDO MORO 47;24033;CALUSCO D` ADDA;BG;1;1;2;1;76
136;BULHAC;CLAUDIO;BLHCLD93H24I628D;claudio.bulhac@sadasdb.com;26/01/2000;;15/03/1996;26710214;26710214;VIA CANONICA 13;24047;TREVIGLIO;BG;VIA CANONICA 13;24047;TREVIGLIO;BG;1;2;4;1;25
137;VAIRANI;MASSIMO;VRNMSM93P12F205J;massimo.vairani@sadasdb.com;28/01/2000;;19/06/1985;34411673;34411673;VIA CAPRERA 3;24127;BERGAMO;BG;VIA CAPRERA 3;24127;BERGAMO;BG;1;1;2;1;7
138;SAINA;GIULIO;SNAGLI78P21Z129S;giulio.saina@sadasdb.com;16/02/2000;;14/10/1987;;;VIA ENRICO DE NICOLA 4;24050;MOZZANICA;BG;VIA ENRICO DE NICOLA 4;24050;MOZZANICA;BG;1;2;2;1;38
139;ZUCCHINALI;MICHELE;ZCCMHL52M30L667A;michele.zucchinali@sadasdb.com;03/01/1996;;21/02/1989;315521652;315521652;VIA BRASSOLINO 9;24040;CALVENZANO;BG;VIA BRASSOLINO 9;24040;CALVENZANO;BG;1;1;7;1;77
140;CHIAPPETTI;MARIO;CHPMRA78D14F133O;mario.chiappetti@sadasdb.com;22/02/2000;;26/06/1998;;;VIA LUIGI GATTI, 13\;20060;TRUCCAZZANO;MI;VIA LUIGI GATTI, 13\;20060;TRUCCAZZANO;MI;1;2;2;1;10
141;FEDERICO;MAURIZIO;FDRMRZ50A20A076F;maurizio.federico@sadasdb.com;19/04/2000;;07/03/1991;375740418;375740418;VIA BARI 4;20143;MILANO;MI;VIA BARI 4;20143;MILANO;MI;1;4;3;1;7
142;BUTTINONI;ANGELO;BTTNGL71S12G004U;angelo.buttinoni@sadasdb.com;23/05/2000;;21/06/1985;;;VIA CESARE BATTISTI 43;24047;TREVIGLIO;BG;VIA CESARE BATTISTI 43;24047;TREVIGLIO;BG;1;1;2;1;7
143;BEN LELLY;GIUSEPPE;BNLGPP61A05Z336R;giuseppe.benlelly@sadasdb.com;01/06/2000;;13/09/1985;79894705;79894705;VIA BARONE LEONINO 2;20060;TRUCCAZZANO;MI;VIA BARONE LEONINO 2;20060;TRUCCAZZANO;MI;1;1;7;1;46
144;RONCALLI;MAURO;RNCMRA78P25B971O;mauro.roncalli@sadasdb.com;19/07/2000;;23/04/1986;391583798;391583798;VIA DE GASPERI 2;24049;VERDELLO;BG;VIA DE GASPERI 2;24049;VERDELLO;BG;1;1;2;1;78
145;VEGINI;LEONARDO;VGNLRD73B03L400C;leonardo.vegini@sadasdb.com;26/09/2000;;22/02/1985;69907173;69907173;VIA ANGOLO RESEGHETTI 466;24045;FARA GERA D` ADDA;BG;VIA ANGOLO RESEGHETTI 466;24045;FARA GERA D` ADDA;BG;1;1;4;1;7
146;ZAMBELLI;SABINO;ZMBSBN57A10L221D;sabino.zambelli@sadasdb.com;31/01/1996;;27/07/1989;97915896;97915896;LAMEZANSTRA+²E 9 WIEN (WIEN);;WIEN;SE;LAMEZANSTRA+²E 9 WIEN (WIEN);;WIEN;SE;1;1;2;1;47
147;FACCHETTI;FRANCESCO IGNAZIO;FCCFNC52M31C003P;francescoignazio.facchetti@sadasdb.com;18/10/2000;;17/09/1986;32010486;32010486;VIA ROMA 66 D;24030;TERNO D` ISOLA;BG;VIA ROMA 66 D;24030;TERNO D` ISOLA;BG;1;1;2;1;10
148;GRAVA;ABDOU;GRVBDA24T15H508W;abdou.grava@sadasdb.com;23/10/2000;;27/03/1985;42579468;42579468;VIA DELLA MANICA 7;24030;VILLA D` ADDA;BG;VIA DELLA MANICA 7;24030;VILLA D` ADDA;BG;1;1;2;1;28
149;CAMPARI;ALBERTO;CMPLRT57P13L400G;alberto.campari@sadasdb.com;12/02/1996;;19/09/1987;36860557;36860557;VIA S.PELLICO 41;24040;PONTIROLO NUOVO;BG;VIA S.PELLICO 41;24040;PONTIROLO NUOVO;BG;1;2;2;1;10
150;GATTI;ALESSANDRO;GTTLSN88E04Z504U;alessandro.gatti@sadasdb.com;08/11/2000;;16/03/1986;;;VIA R.SANZIO 6;24030;PRESEZZO;BG;VIA R.SANZIO 6;24030;PRESEZZO;BG;1;1;7;1;79
151;SACERDOTI;BRUNO;SCRBRN58C23E212Q;bruno.sacerdoti@sadasdb.com;21/11/2000;;24/06/1986;46885736;46885736;VIA SECCHIA 3;24030;PALAZZAGO;BG;VIA SECCHIA 3;24030;PALAZZAGO;BG;1;1;2;1;24
152;DEGANI;VITTORIO;DGNVTR61B25A794V;vittorio.degani@sadasdb.com;24/11/2000;;09/07/1985;81297236;81297236;VIA TREVIGLIO 13;24040;PONTIROLO NUOVO;BG;VIA TREVIGLIO 13;24040;PONTIROLO NUOVO;BG;1;2;2;1;80
153;SCHIAVONE;ROBERTO;SCHRRT74H18A794M;roberto.schiavone@sadasdb.com;30/11/2000;;13/05/1987;43407730;43407730;VIA CONTI CARLO GIROLAMO 7;24030;CARVICO;BG;VIA CONTI CARLO GIROLAMO 7;24030;CARVICO;BG;1;2;2;1;24
154;BALDO;LUIGI;BLDLGU69T21Z330K;luigi.baldo@sadasdb.com;15/12/2000;;28/02/1985;318141516;318141516;VIA DANTE ALIGHIERI;24040;CASTEL ROZZONE;BG;VIA DANTE ALIGHIERI;24040;CASTEL ROZZONE;BG;1;1;2;1;66
155;DEL PRATO;DANIELE;DLPDNL73L25L400L;daniele.delprato@sadasdb.com;02/01/2001;;27/09/1985;;;VIA CASTEL CERRETO 7;24047;TREVIGLIO;BG;VIA CASTEL CERRETO 7;24047;TREVIGLIO;BG;1;1;6;1;38
156;BOTTURI;ARNALDO;BTTRLD62H14C933E;arnaldo.botturi@sadasdb.com;22/03/1996;;28/04/1985;362354631;362354631;VIA LEONCAVALLO 10;24047;TREVIGLIO;BG;VIA LEONCAVALLO 10;24047;TREVIGLIO;BG;1;1;2;1;81
157;GIAGNORIO;GIULIANO;GGNGLN77L16A794N;giuliano.giagnorio@sadasdb.com;09/04/1996;;31/10/1987;;;VIALE DEL TRAMONTO 16;62026;SAN GINESIO;MC;VIALE DEL TRAMONTO 16;62026;SAN GINESIO;MC;1;1;2;1;82
158;GEROSA;ATTILIO;GRSTTL58S19G160A;attilio.gerosa@sadasdb.com;03/05/1996;;13/03/1987;;;VIA NOSARI 13;24046;OSIO SOTTO;BG;VIA NOSARI 13;24046;OSIO SOTTO;BG;1;1;5;1;41
159;COLLEONI;IBRAHIM MOHAMED YASSEN;CLLBHM58E29Z100Z;ibrahimmohamedyassen.colleoni@sadasdb.com;26/07/1996;;13/03/1985;364866993;364866993;PIAZZALE ALDO MORO 57;26019;VAILATE;CR;PIAZZALE ALDO MORO 57;26019;VAILATE;CR;1;1;2;1;56
160;CHIAPPETTI;LORENZO;CHPLNZ74S11H357L;lorenzo.chiappetti@sadasdb.com;29/08/1996;;23/05/1987;;;VIA DELL` ARTIGIANATO 35;24040;PAGAZZANO;BG;VIA DELL` ARTIGIANATO 35;24040;PAGAZZANO;BG;1;1;2;1;83
161;PIENSI;RINO;PNSRNI62D01L404W;rino.piensi@sadasdb.com;11/09/1996;;20/06/1989;;;VIA ATTILIO MOMIGLIANO 1;20141;MILANO;MI;VIA ATTILIO MOMIGLIANO 1;20141;MILANO;MI;1;1;4;1;39
162;CARISSIMI;PIERLUIGI;CRSPLG74S01Z129K;pierluigi.carissimi@sadasdb.com;16/09/1996;;20/06/1988;24067665;24067665;VIA G.DONIZETTI 4 A;24040;CASTEL ROZZONE;BG;VIA G.DONIZETTI 4 A;24040;CASTEL ROZZONE;BG;1;2;2;1;56
163;PARIGI;GIORGIO LUIGI;PRGGGL64A26F205X;giorgioluigi.parigi@sadasdb.com;12/11/1996;15/02/2008;17/08/1989;;;VIA MARTIRI DI CEFALONIA 3;24121;BERGAMO;BG;VIA MARTIRI DI CEFALONIA 3;24121;BERGAMO;BG;1;1;2;1;84
164;TERMINI;ALESSANDRO;TRMLSN78R21A794Z;alessandro.termini@sadasdb.com;13/11/1996;;22/12/1988;36550850;36550850;VIA XXIV MAGGIO 13;24047;TREVIGLIO;BG;VIA XXIV MAGGIO 13;24047;TREVIGLIO;BG;1;2;7;1;85
165;DORDI;MARCELLO;DRDMCL88L10Z614M;marcello.dordi@sadasdb.com;07/01/1997;;16/05/1989;14006521;14006521;VIA C.CACCIANIGA 25;20060;POZZUOLO MARTESANA;MI;VIA C.CACCIANIGA 25;20060;POZZUOLO MARTESANA;MI;1;2;2;1;7
166;GHERARDI;JACOPO GIOVANNI;GHRJPG68E31A215Y;jacopogiovanni.gherardi@sadasdb.com;03/03/1997;;07/01/1985;346206898;346206898;VIA VERGA 9;24040;ARZAGO D` ADDA;BG;VIA VERGA 9;24040;ARZAGO D` ADDA;BG;1;1;7;1;86
167;MOROTTI;FRANCESCO;MRTFNC36S03B950G;francesco.morotti@sadasdb.com;22/04/1997;;18/05/1985;335522306;335522306;VIA DE GASPERI 19;24040;FILAGO;BG;VIA DE GASPERI 19;24040;FILAGO;BG;1;1;4;1;87
168;CATTANEO;ANTONIO;CTTNTN84A08Z318R;antonio.cattaneo@sadasdb.com;02/05/1997;;01/04/1988;27546284;27546284;VIA B.ANGELICO 10/B;24047;TREVIGLIO;BG;VIA B.ANGELICO 10/B;24047;TREVIGLIO;BG;1;3;2;1;88
169;BERTULETTI;CLAUDIO;BRTCLD82E25D221R;claudio.bertuletti@sadasdb.com;03/06/1997;;21/09/1990;34868781;34868781;VIA MORENGO 31;24040;PAGAZZANO;BG;VIA MORENGO 31;24040;PAGAZZANO;BG;1;1;2;1;26
170;RIVA;RENATA;RVIRNT65T65F205Y;renata.riva@sadasdb.com;01/06/1994;;29/10/1985;346637503;346637503;LARGO IV NOVEMBRE 11;24036;PONTE SAN PIETRO;BG;LARGO IV NOVEMBRE 11;24036;PONTE SAN PIETRO;BG;1;1;2;1;15
171;FRIGERIO;NICOLE GIULIANA;FRGNLG99T41B696A;nicolegiuliana.frigerio@sadasdb.com;06/07/1995;;10/06/1986;372785957;372785957;VIALE EUROPA 7;26010;IZANO;CR;VIALE EUROPA 7;26010;IZANO;CR;1;1;2;1;10
172;TOSONI;GIACOMINA;TSNGMN94E45A794T;giacomina.tosoni@sadasdb.com;07/07/1995;;04/01/1988;337257736;337257736;VIA GIOVANNI PASCOLI 1;24025;GAZZANIGA;BG;VIA GIOVANNI PASCOLI 1;24025;GAZZANIGA;BG;1;2;2;2;89
173;BETTONI;MICHELA;BTTMHL48C48F205L;michela.bettoni@sadasdb.com;08/09/1995;;13/07/1985;;;VIA FIUME 37;20099;SESTO SAN GIOVANNI;MI;VIA FIUME 37;20099;SESTO SAN GIOVANNI;MI;1;1;2;1;90
174;CAPELLI;CROCIFISSA;CPLCCF26P54A794V;crocifissa.capelli@sadasdb.com;18/09/1995;;21/07/1988;37637429;37637429;VIA MORENGO 58;24040;PAGAZZANO;BG;VIA MORENGO 58;24040;PAGAZZANO;BG;1;1;4;1;18
175;OGLIARI;CLAUDIA;GLRCLD56H46A794D;claudia.ogliari@sadasdb.com;22/09/1995;;27/02/1986;18697539;18697539;VIA GALEAZZE 4/A;24050;CORTENUOVA;BG;VIA GALEAZZE 4/A;24050;CORTENUOVA;BG;1;1;2;1;10
176;CANTU`;ROBERTA;CNTRRT84S54Z330F;roberta.cantu`@sadasdb.com;06/10/1995;;25/08/1985;336436052;336436052;FORO BUONAPARTE 68 20121 MILANO;20121;MILANO;;FORO BUONAPARTE 68 20121 MILANO;20121;MILANO;;1;2;5;1;91
177;SEVERGNINI;GIOVANNA;SVRGNN61B62L219P;giovanna.severgnini@sadasdb.com;17/10/1995;;28/03/1988;344430255;344430255;VIA FARA 8;24040;CANONICA D` ADDA;BG;VIA FARA 8;24040;CANONICA D` ADDA;BG;1;1;2;1;92
178;ANELLI;DEBORAH;NLLDRH67C41A963O;deborah.anelli@sadasdb.com;06/11/1995;;08/11/1989;328305567;328305567;VIA D.ALIGHIERI 10;24040;CASTEL ROZZONE;BG;VIA D.ALIGHIERI 10;24040;CASTEL ROZZONE;BG;1;1;2;1;72
179;MERLI;MARIA LUISA;MRLMLS40M53B854Q;marialuisa.merli@sadasdb.com;16/11/1995;;05/05/1986;21898530;21898530;VIA DA GAMA 56;24048;TREVIOLO;BG;VIA DA GAMA 56;24048;TREVIOLO;BG;1;1;7;1;93
180;CEREDA;LUIGIA;CRDLGU69S46D142M;luigia.cereda@sadasdb.com;23/11/1995;;26/07/1985;312644797;312644797;VIA PADREA MASCIADRI 2/H;22066;MARIANO COMENSE;CO;VIA PADREA MASCIADRI 2/H;22066;MARIANO COMENSE;CO;1;1;7;1;94
181;DIAGNE;LOREDANA;DGNLDN00M52B854X;loredana.diagne@sadasdb.com;21/12/1995;;24/11/1985;28844860;28844860;VIA BIGNAMINI 4;24047;TREVIGLIO;BG;VIA BIGNAMINI 4;24047;TREVIGLIO;BG;1;1;2;1;18
182;CANGA;GLORIA;CNGGLR69L56E202S;gloria.canga@sadasdb.com;28/12/1995;;21/06/1986;;;VIA GRAMSCI 27;24059;URGNANO;BG;VIA GRAMSCI 27;24059;URGNANO;BG;1;3;2;1;85
183;BRAMBILLA;REGINA;BRMRGN83T45A732C;regina.brambilla@sadasdb.com;28/12/1995;;30/08/1985;340377094;340377094;VIA PERUGIA 6;24040;CALVENZANO;BG;VIA PERUGIA 6;24040;CALVENZANO;BG;1;1;2;1;95
184;ARMANNI;MARIA CARLA;RMNMCR91P48L400N;mariacarla.armanni@sadasdb.com;12/02/1996;;24/04/1986;354713632;354713632;VIA ALESSANDRO VOLTA N.1;24040;CASTEL ROZZONE;BG;VIA ALESSANDRO VOLTA N.1;24040;CASTEL ROZZONE;BG;1;1;3;1;96
185;RUDENKO;ELENA;RDNLNE49B62Z129N;elena.rudenko@sadasdb.com;28/02/1996;01/06/2013;13/08/1985;317651146;317651146;VIA GRAMSCI;24040;CASTEL ROZZONE;BG;VIA GRAMSCI;24040;CASTEL ROZZONE;BG;1;1;3;1;97
186;D`ADDATO;FRANCESCA;DDDFNC51P53L400Q;francesca.d`addato@sadasdb.com;07/03/1996;;20/05/1987;57389962;57389962;VIA GALIGNANI 43;25036;PALAZZOLO SULL` OGLIO;BS;VIA GALIGNANI 43;25036;PALAZZOLO SULL` OGLIO;BS;1;1;2;1;98
187;BONIFACIO;ALESSIA;BNFLSS82M52A944U;alessia.bonifacio@sadasdb.com;14/03/1996;;16/12/1985;;;VIA MILANO 28;24047;TREVIGLIO;BG;VIA MILANO 28;24047;TREVIGLIO;BG;1;2;2;1;94
188;GUSMINI;DANIELA;GSMDNL81T41C003D;daniela.gusmini@sadasdb.com;27/03/1996;;10/03/1985;;;VIA SANTA MARIA 7;21040;UBOLDO;VA;VIA SANTA MARIA 7;21040;UBOLDO;VA;1;1;7;1;66
189;RIVABENE;GIADA;RVBGDI56L45F205J;giada.rivabene@sadasdb.com;09/04/1996;01/05/2014;19/12/1988;69592125;69592125;VIA LEONE XIII 27;24040;ARCENE;BG;VIA LEONE XIII 27;24040;ARCENE;BG;1;2;2;1;7
190;BREMBATI;MARIA ANGELA;BRMMNG82R55D142C;mariaangela.brembati@sadasdb.com;08/05/1996;;25/04/1989;;;VIA SAN G.BOSCO 20/B;20060;TRUCCAZZANO;MI;VIA SAN G.BOSCO 20/B;20060;TRUCCAZZANO;MI;1;2;4;1;99
191;MANZONI;CINZIA;MNZCNZ29S48A794D;cinzia.manzoni@sadasdb.com;24/05/1996;05/05/2013;05/05/1986;;;VIA PAGAZZANO 57/B;24053;BRIGNANO GERA D` ADDA;BG;VIA PAGAZZANO 57/B;24053;BRIGNANO GERA D` ADDA;BG;1;1;2;1;7
192;FACCHINETTI;SABRINA;FCCSRN76C46H351V;sabrina.facchinetti@sadasdb.com;29/07/1996;;05/02/1986;326174552;326174552;V MADRE TERESA DI CALCUTTA N.4;26010;MONTODINE;CR;V MADRE TERESA DI CALCUTTA N.4;26010;MONTODINE;CR;1;1;2;1;26
193;BIELLI;SIMONA;BLLSMN61T62F065A;simona.bielli@sadasdb.com;08/10/1996;;09/11/1986;;;VIA PARINI 92/2;23852;GARLATE;LC;VIA PARINI 92/2;23852;GARLATE;LC;1;1;2;1;5
194;PESENTI;MADDALENA;PSNMDL73L61L539T;maddalena.pesenti@sadasdb.com;13/11/1996;;13/11/1987;;;VIA PALAZZO 12;24047;TREVIGLIO;BG;VIA PALAZZO 12;24047;TREVIGLIO;BG;1;3;7;1;72
195;GIOVANETTI;MARIALUISA;GVNMLS88E49A794E;marialuisa.giovanetti@sadasdb.com;29/11/1996;;14/01/1987;319217517;319217517;VIALE BUONARROTI 27;24047;TREVIGLIO;BG;VIALE BUONARROTI 27;24047;TREVIGLIO;BG;1;1;2;1;100
196;LAZZARONI;CARLA;LZZCRL58S41B618Q;carla.lazzaroni@sadasdb.com;24/12/1996;;27/02/1986;931163705;931163705;VIA COSTANTINA 3/A;24126;BERGAMO;BG;VIA COSTANTINA 3/A;24126;BERGAMO;BG;1;1;6;1;7
197;LIVOTI;RITA;LVTRTI51S47F205S;rita.livoti@sadasdb.com;23/01/1997;;18/01/1988;;;VIA CLARA MAFFEI 14;24121;BERGAMO;BG;VIA CLARA MAFFEI 14;24121;BERGAMO;BG;1;1;6;1;101
198;FINASSI;NATALIA;FNSNTL51M52A794X;natalia.finassi@sadasdb.com;29/01/1997;;03/01/1990;34788866;34788866;VIA EINAUDI 216;24043;CARAVAGGIO;BG;VIA EINAUDI 216;24043;CARAVAGGIO;BG;1;2;2;1;26
199;LEONI;ANGELA;LNENGL68D45C814N;angela.leoni@sadasdb.com;11/02/1997;;31/01/1985;;;VIA GALBIGNANI 18;26013;CREMA;CR;VIA GALBIGNANI 18;26013;CREMA;CR;1;1;7;1;10
200;GIUSSANI;MARIA CHIARA;GSSMCH60D53L400U;mariachiara.giussani@sadasdb.com;13/05/1997;01/01/2010;29/02/1988;371656210;371656210;VIA CATALANI 8;24047;TREVIGLIO;BG;VIA CATALANI 8;24047;TREVIGLIO;BG;1;1;2;1;102
201;VENERUSO;CARLA MARIA;VNRCLM43M68I919Z;carlamaria.veneruso@sadasdb.com;16/10/2019;;22/01/1977;;;VIA G.BRUNO 14/A;24040;VERDELLINO;BG;VIA G.BRUNO 14/A;24040;VERDELLINO;BG;1;2;4;1;16
202;BONURA;VITTORIA;BNRVTR56E60Z352U;vittoria.bonura@sadasdb.com;22/10/2019;;26/09/1978;;;VIA MILANESI 3;24042;CAPRIATE SAN GERVASIO;BG;VIA MILANESI 3;24042;CAPRIATE SAN GERVASIO;BG;1;1;7;1;103
203;PAGANELLI;IOLANDA;PGNLND74C54G856S;iolanda.paganelli@sadasdb.com;25/06/1991;;24/09/1969;864441620;864441620;VIA ALDO MORO 6/C;20060;TRUCCAZZANO;MI;VIA ALDO MORO 6/C;20060;TRUCCAZZANO;MI;1;1;2;1;26
204;FUSAR POLI;ORFELINA;FSRRLN79P60F205C;orfelina.fusarpoli@sadasdb.com;12/11/1993;;15/11/1969;74196718;74196718;VIA DELLE BETULLE 4 A;24041;BREMBATE;BG;VIA DELLE BETULLE 4 A;24041;BREMBATE;BG;1;1;2;1;104
205;DENTI;GIUSEPPA;DNTGPP52S61L400I;giuseppa.denti@sadasdb.com;02/08/1994;;25/05/1970;37714173;37714173;VIA E.CARIONI 29/E I 1;24040;MISANO DI GERA D` ADDA;BG;VIA E.CARIONI 29/E I 1;24040;MISANO DI GERA D` ADDA;BG;1;4;4;1;1
206;LEGRAMANDI;ROSSELLA;LGRRSL66H61Z336W;rossella.legramandi@sadasdb.com;01/01/1990;;12/12/1962;337788957;337788957;CORSO ITALIA 21/G INT.4;24046;OSIO SOTTO;BG;CORSO ITALIA 21/G INT.4;24046;OSIO SOTTO;BG;1;1;2;1;41
207;RONCALLI;BENEDETTA;RNCBDT44S59H509P;benedetta.roncalli@sadasdb.com;25/03/1993;;18/07/1966;29499483;29499483;VIA COLOMBO 3;24047;TREVIGLIO;BG;VIA COLOMBO 3;24047;TREVIGLIO;BG;1;1;2;1;54
208;MAGNI;SABRINA;MGNSRN62D58A794K;sabrina.magni@sadasdb.com;27/04/1992;;09/04/1967;1255056;1255056;VIA LEONARDO DA VINCI 13;24040;MISANO DI GERA D` ADDA;BG;VIA LEONARDO DA VINCI 13;24040;MISANO DI GERA D` ADDA;BG;1;2;2;2;86
209;BONAPACE;SHARON;BNPSRN90T67Z110K;sharon.bonapace@sadasdb.com;23/04/1992;;30/03/1961;;;VIA MONTE AMIATA 2;20861;BRUGHERIO;MB;VIA MONTE AMIATA 2;20861;BRUGHERIO;MB;1;1;2;2;105
210;DIOP;MARIA TERESA;DPIMTR66A59H357M;mariateresa.diop@sadasdb.com;01/01/1990;;12/09/1963;71469919;71469919;VICOLO AGLIARDI 5;24040;ARCENE;BG;VICOLO AGLIARDI 5;24040;ARCENE;BG;1;1;2;1;106
211;DANESI;SARA EMMA;DNSSMM58P69G856U;saraemma.danesi@sadasdb.com;06/12/1993;15/03/2012;10/09/1966;33192239;33192239;VIA PUCCINI 4;24040;CALVENZANO;BG;VIA PUCCINI 4;24040;CALVENZANO;BG;1;1;5;1;7
212;MONELLA;MARTA;MNLMRT46C47L667I;marta.monella@sadasdb.com;10/04/1990;;31/12/1964;;;VIA BEZZECCA 11;24047;TREVIGLIO;BG;VIA BEZZECCA 11;24047;TREVIGLIO;BG;1;1;2;1;101
237;BONFANTI;PAOLO;BNFPLA81H20L400C;paolo.bonfanti@sadasdb.com;05/07/1995;30/08/2010;03/10/1960;326104212;326104212;VIA BEATO ANGELICO 5;24047;TREVIGLIO;BG;VIA BEATO ANGELICO 5;24047;TREVIGLIO;BG;1;2;2;1;10
241;VACIRCA;NELLO ALESSANDRO;VCRNLL58L21H129B;nelloalessandro.vacirca@sadasdb.com;07/07/1995;20/02/2011;27/12/1961;;;VIA AIMO DA GABIANO;26010;CASTEL GABBIANO;CR;VIA AIMO DA GABIANO;26010;CASTEL GABBIANO;CR;1;1;2;1;43
243;ARESI;MARIA CRISTINA;RSAMCR45H54L539Y;mariacristina.aresi@sadasdb.com;12/07/2022;;08/10/2003;;;VIA DEI MILLE 11;24047;TREVIGLIO;BG;VIA DEI MILLE 11;24047;TREVIGLIO;BG;1;1;2;1;7
244;ROSA;TIZIANA;RSOTZN71M42B911E;tiziana.rosa@sadasdb.com;16/04/2009;;21/08/2004;32678854;32678854;VIA S.GIOVANNI BOSCO 7;24047;TREVIGLIO;BG;VIA S.GIOVANNI BOSCO 7;24047;TREVIGLIO;BG;1;4;2;1;10
245;ROTA;PIETRO;RTOPTR55R04D490L;pietro.rota@sadasdb.com;13/07/2022;01/01/2023;25/05/2003;385571803;385571803;VIA GIOSUE` CARDUCCI 55;24030;PONTIDA;BG;VIA GIOSUE` CARDUCCI 55;24030;PONTIDA;BG;1;1;4;3;107
246;CROTTI;URIME;CRTRMU59T60L535S;urime.crotti@sadasdb.com;13/07/2022;;09/03/2003;1283003;1283003;VIA DANTE ALIGHIERI 5;24050;LURANO;BG;VIA DANTE ALIGHIERI 5;24050;LURANO;BG;1;1;2;3;26
247;GELMI;VASILE ADRIAN;GLMVLD55C15L400A;vasileadrian.gelmi@sadasdb.com;15/07/2022;;16/02/2003;85006666;85006666;VIA BERGAMO 413;24045;FARA GERA D` ADDA;BG;VIA BERGAMO 413;24045;FARA GERA D` ADDA;BG;1;1;2;1;8
248;FAUBLA VERA;RACHELE;FBLRHL80P41E094I;rachele.faublavera@sadasdb.com;15/07/2022;;24/06/2002;820146855;820146855;VIA C.AGLIARDI 14;24040;LEVATE;BG;VIA C.AGLIARDI 14;24040;LEVATE;BG;1;2;3;3;62
249;D` ANTONIO;ALESSANDRO;DNTLSN46A07D142L;alessandro.d`antonio@sadasdb.com;18/07/2022;01/02/2023;20/05/2003;352458579;352458579;VIA G.MARCONI 14;24030;MEDOLAGO;BG;VIA G.MARCONI 14;24030;MEDOLAGO;BG;1;1;2;1;108
250;OBID;MARCO;BDOMRC69T12C003M;marco.obid@sadasdb.com;20/07/2022;;07/09/2000;39033985;39033985;VIA BORGHI INF.8;26019;VAILATE;CR;VIA BORGHI INF.8;26019;VAILATE;CR;1;1;2;3;5
251;ANGERETTI;NEELAM;NGRNLM23L49G149B;neelam.angeretti@sadasdb.com;20/07/2022;;18/11/2002;33641083;33641083;VIA G.DONIZETTI 19;24040;MISANO DI GERA D` ADDA;BG;VIA G.DONIZETTI 19;24040;MISANO DI GERA D` ADDA;BG;1;1;2;3;109
252;COLOMBO;ANTONIO;CLMNTN72R09M102J;antonio.colombo@sadasdb.com;20/07/2022;;08/05/2002;485662046;485662046;VIA FABIO FILZI 18/B;24047;TREVIGLIO;BG;VIA FABIO FILZI 18/B;24047;TREVIGLIO;BG;1;1;7;1;110
253;COSTA;FRANCESCO;CSTFNC59A17D142N;francesco.costa@sadasdb.com;21/07/2022;;01/08/2003;36624888;36624888;VICOLO BRIGATTI 1;24043;CARAVAGGIO;BG;VICOLO BRIGATTI 1;24043;CARAVAGGIO;BG;1;1;2;3;7
254;PASSERA;ANGELANDREA;PSSNLN44L16G160F;angelandrea.passera@sadasdb.com;21/07/2022;;18/01/2003;58541204;58541204;VIA OBERDAN GUGLIELMO N 14;20025;LEGNANO;MI;VIA OBERDAN GUGLIELMO N 14;20025;LEGNANO;MI;1;1;2;4;111
255;PEZZETTI;YESICA MARLENE;PZZYCM43L63L400M;yesicamarlene.pezzetti@sadasdb.com;22/07/2022;;07/04/2004;85004961;85004961;VIA L.EINAUDI 19;24046;OSIO SOTTO;BG;VIA L.EINAUDI 19;24046;OSIO SOTTO;BG;1;1;2;3;112
256;BARATELLI;MARIA CARLA;BRTMCR68D53D142P;mariacarla.baratelli@sadasdb.com;11/09/2009;;20/09/2000;331759630;331759630;VIA S.DONATO 46/A;24046;OSIO SOTTO;BG;VIA S.DONATO 46/A;24046;OSIO SOTTO;BG;1;3;2;3;113
257;MOZZALI;DORIANA;MZZDRN68L48C835V;doriana.mozzali@sadasdb.com;25/07/2022;;09/11/2003;17562241;17562241;VIA CARCANO 5;24047;TREVIGLIO;BG;VIA CARCANO 5;24047;TREVIGLIO;BG;1;1;2;3;114
258;MANZONI;HATIXHE;MNZHXH55A52L923H;hatixhe.manzoni@sadasdb.com;25/07/2022;;12/04/2001;84702254;84702254;VIA PONCHIELLI 17;20062;CASSANO D` ADDA;MI;VIA PONCHIELLI 17;20062;CASSANO D` ADDA;MI;1;1;5;4;10
259;BIRCA;ANNALISA;BRCNLS57A41L667B;annalisa.birca@sadasdb.com;25/07/2022;;11/12/2000;;;VIA PAPA GIOVANNI XXIII 4/C;24040;MISANO DI GERA D` ADDA;BG;VIA PAPA GIOVANNI XXIII 4/C;24040;MISANO DI GERA D` ADDA;BG;1;1;2;1;10
260;GALIMBERTI;PIETRO;GLMPTR53B17A794D;pietro.galimberti@sadasdb.com;25/07/2022;;10/07/2004;33865345;33865345;VICOLO SAN ROCCHETTO 5;24043;CARAVAGGIO;BG;VICOLO SAN ROCCHETTO 5;24043;CARAVAGGIO;BG;1;2;2;3;115
261;ZOLIO;BRUNO ANTONIO;ZLOBNN78B15E901N;brunoantonio.zolio@sadasdb.com;26/07/2022;;01/08/2003;389787813;389787813;VIA GRATOSOGLIO 93;20142;MILANO;MI;VIA GRATOSOGLIO 93;20142;MILANO;MI;1;1;2;4;10
262;PEREGO;EMILIO GIUSEPPE;PRGMGS76A25A794Y;emiliogiuseppe.perego@sadasdb.com;26/07/2022;;31/12/2003;14256061;14256061;VIA EMILIO CECCHI 2;20162;MILANO;MI;VIA EMILIO CECCHI 2;20162;MILANO;MI;1;1;2;4;107
263;BENELLI;FLORA;BNLFLR70H46F205P;flora.benelli@sadasdb.com;26/07/2022;;09/03/2005;38153880;38153880;LARGO EINAUDI 1;24040;VERDELLINO;BG;LARGO EINAUDI 1;24040;VERDELLINO;BG;1;1;2;4;10
264;BOLOGNA;LORENZA;BLGLNZ84A42L400G;lorenza.bologna@sadasdb.com;27/07/2022;;19/07/2004;;;VIA MONASTERO DEI VERGHI 166;24033;CALUSCO D` ADDA;BG;VIA MONASTERO DEI VERGHI 166;24033;CALUSCO D` ADDA;BG;1;4;2;4;7
265;LOCATELLI;MARCO;LCTMRC82A04D952D;marco.locatelli@sadasdb.com;28/07/2022;;19/07/2004;340742015;340742015;VIA PIAVE 8;20069;VAPRIO D` ADDA;MI;VIA PIAVE 8;20069;VAPRIO D` ADDA;MI;1;1;2;2;26
266;PANARESE;ALESSANDRO;PNRLSN54D03G187S;alessandro.panarese@sadasdb.com;29/07/2022;;31/05/2004;361959437;361959437;VIA MAZZINI 13;23807;MERATE;LC;VIA MAZZINI 13;23807;MERATE;LC;1;1;2;3;116
267;COROTTI;IOVANKA;CRTVNK73A51L400E;iovanka.corotti@sadasdb.com;11/12/2009;;01/10/2001;;;VIA GIOVANNI RICORDI 32;20131;MILANO;MI;VIA GIOVANNI RICORDI 32;20131;MILANO;MI;1;1;8;4;117
268;VEZZOLI;RAJVIR;VZZRVR68T01F119K;rajvir.vezzoli@sadasdb.com;01/08/2022;;05/10/2003;314749356;314749356;VIA EUROPA 11;24041;BREMBATE;BG;VIA EUROPA 11;24041;BREMBATE;BG;1;1;2;4;7
269;DI CARA;MASSIMO;DCRMSM94P14Z330X;massimo.dicara@sadasdb.com;02/08/2022;;27/04/2000;352777042;352777042;VIA LOCATELLI 19/C;24069;TRESCORE BALNEARIO;BG;VIA LOCATELLI 19/C;24069;TRESCORE BALNEARIO;BG;1;4;2;1;7
270;CRUGNALE;LUIGI;CRGLGU81H17H509X;luigi.crugnale@sadasdb.com;02/08/2022;;27/12/2002;34762189;34762189;VIA DEL BOSCO 42;24047;TREVIGLIO;BG;VIA DEL BOSCO 42;24047;TREVIGLIO;BG;1;1;2;1;10
271;CARMINATI;MARCO;CRMMRC49T26D490D;marco.carminati@sadasdb.com;02/08/2022;;30/03/2003;450419841;450419841;VIA PONTIROLO 70;24047;TREVIGLIO;BG;VIA PONTIROLO 70;24047;TREVIGLIO;BG;1;3;2;4;118
272;RIVA;ILARIA;RVILRI59A60D142N;ilaria.riva@sadasdb.com;02/08/2022;;04/08/2004;26562220;26562220;VIA CAPERSEGNO 28;24030;PRESEZZO;BG;VIA CAPERSEGNO 28;24030;PRESEZZO;BG;1;1;2;4;33
273;COLOMBO;ENRICO;CLMNRC59C20A794S;enrico.colombo@sadasdb.com;22/01/2010;;06/11/2002;341555104;341555104;VIA ABATE CRIPPA 19;24047;TREVIGLIO;BG;VIA ABATE CRIPPA 19;24047;TREVIGLIO;BG;1;1;8;4;10
274;CONTI;LUCA;CNTLCU80P10F205L;luca.conti@sadasdb.com;03/08/2022;;15/07/2000;387174389;387174389;CASCINA BERLOCCA;24040;ARCENE;BG;CASCINA BERLOCCA;24040;ARCENE;BG;1;1;2;4;57
275;COLOMBO;FRANCESCO MARIA;CLMFNC74L30L400H;francescomaria.colombo@sadasdb.com;03/02/2010;;15/05/2002;342002106;342002106;VIA ZARA 32;24058;ROMANO DI LOMBARDIA;BG;VIA ZARA 32;24058;ROMANO DI LOMBARDIA;BG;1;3;7;2;119
